COG	metadata	polarity
COG0581	log_PO4	negative
COG2391	sqrt_iron	positive
COG1117	log_PO4	negative
COG0226	log_PO4	negative
COG0394	log_PO4	negative
COG0573	log_PO4	negative
COG4889	sqrt_iron	negative
COG0247	sqrt_iron	positive
COG0704	log_PO4	negative
COG1592	sqrt_iron	positive
COG3627	log_PO4	negative
COG3624	log_PO4	negative
COG0248	log_PO4	negative
COG2878	sqrt_iron	positive
COG0855	log_PO4	negative
COG3625	log_PO4	negative
COG0746	sqrt_iron	positive
COG3639	log_PO4	negative
COG1760	sqrt_iron	positive
COG4012	log_NO2NO3	positive
COG3626	log_PO4	negative
COG4635	sqrt_iron	negative
COG4106	sqrt_iron	positive
COG3164	sqrt_iron	positive
COG3655	log_PO4	positive
COG4778	log_PO4	negative
COG3245	sqrt_iron	positive
COG4107	log_PO4	negative
COG1934	sqrt_iron	positive
COG2258	sqrt_iron	positive
COG4559	sqrt_iron	negative
COG5309	sqrt_iron	positive
COG1850	sqrt_iron	negative
COG1526	sqrt_iron	positive
COG1838	sqrt_iron	positive
COG2205	sqrt_iron	positive
COG3296	log_PO4	positive
COG4987	sqrt_iron	positive
COG3958	log_NO2NO3	positive
COG3615	log_PO4	positive
COG1695	sqrt_iron	positive
COG0543	sqrt_iron	positive
COG0314	sqrt_iron	positive
COG1392	log_PO4	positive
COG3112	log_PO4	positive
COG0609	sqrt_iron	negative
COG4558	sqrt_iron	negative
COG4263	log_PO4	positive
COG0521	sqrt_iron	positive
COG5421	log_PO4	positive
COG2509	sqrt_iron	positive
COG3886	log_PO4	positive
COG4898	sqrt_iron	positive
COG2430	sqrt_iron	positive
COG4247	log_PO4	negative
COG0303	sqrt_iron	positive
COG3454	log_PO4	negative
COG0315	sqrt_iron	positive
COG3057	log_PO4	positive
COG0306	log_PO4	positive
COG3185	sqrt_iron	positive
COG3783	log_PO4	positive
COG0366	log_NO2NO3	negative
COG1442	log_PO4	negative
COG4682	log_PO4	positive
COG3709	log_PO4	negative
COG3959	log_NO2NO3	positive
COG1951	sqrt_iron	positive
COG3164	log_PO4	positive
COG3803	sqrt_iron	positive
COG3099	log_PO4	positive
COG3978	log_PO4	positive
COG4579	sqrt_iron	positive
COG3287	log_PO4	positive
COG3102	log_PO4	positive
COG4628	log_PO4	positive
COG5395	sqrt_iron	positive
COG3284	sqrt_iron	positive
COG1597	log_PO4	negative
COG3211	sqrt_iron	positive
COG3638	log_PO4	negative
COG0053	sqrt_iron	positive
COG2008	sqrt_iron	positive
COG2864	sqrt_iron	positive
COG1733	sqrt_iron	positive
COG4138	log_PO4	positive
COG4922	log_PO4	positive
COG3197	log_PO4	positive
COG2374	sqrt_iron	positive
COG4242	sqrt_iron	positive
COG1940	sqrt_iron	positive
COG4271	log_NO2NO3	negative
COG1512	sqrt_iron	positive
COG4359	sqrt_iron	positive
COG3656	log_PO4	positive
COG1643	sqrt_iron	positive
COG2896	sqrt_iron	positive
COG4568	log_PO4	positive
COG1887	log_PO4	positive
COG3270	log_PO4	positive
COG3012	sqrt_iron	positive
COG0243	sqrt_iron	positive
COG3608	sqrt_iron	positive
COG2188	sqrt_iron	positive
COG3304	sqrt_iron	positive
COG1900	sqrt_iron	positive
COG4334	log_NO2NO3	negative
COG3221	log_PO4	negative
COG3940	log_PO4	positive
COG4558	log_PO4	positive
COG5518	log_PO4	positive
COG0507	log_NO2NO3	negative
COG0276	sqrt_iron	negative
COG3383	sqrt_iron	positive
COG2250	sqrt_iron	positive
COG2451	log_PO4	positive
COG3559	log_NO2NO3	negative
COG3381	sqrt_iron	positive
COG2384	log_PO4	positive
COG4454	log_PO4	negative
COG4564	log_PO4	positive
COG4275	log_PO4	positive
COG5595	log_PO4	positive
COG0451	sqrt_iron	negative
COG2717	sqrt_iron	positive
COG0609	log_PO4	positive
COG2210	sqrt_iron	positive
COG1944	log_PO4	positive
COG3861	log_PO4	negative
COG0438	log_PO4	negative
COG3440	sqrt_iron	negative
COG2375	log_PO4	positive
COG1802	sqrt_iron	positive
COG2041	sqrt_iron	positive
COG4326	log_PO4	positive
COG1480	sqrt_iron	negative
COG3363	log_NO2NO3	positive
COG0656	sqrt_iron	positive
COG1399	sqrt_iron	positive
COG4264	log_PO4	positive
COG3110	log_PO4	positive
COG2329	sqrt_iron	negative
COG3708	log_PO4	positive
COG0252	sqrt_iron	positive
COG4193	sqrt_iron	positive
COG1555	sqrt_iron	positive
COG3799	log_NO2NO3	positive
COG3784	log_PO4	positive
COG3326	log_PO4	positive
COG1529	sqrt_iron	positive
COG2833	sqrt_iron	positive
COG2183	log_PO4	positive
COG0701	sqrt_iron	positive
COG1001	log_NO2NO3	positive
COG3726	log_PO4	positive
COG1476	sqrt_iron	positive
COG3295	log_PO4	positive
COG5055	log_NO2NO3	negative
COG1850	log_PO4	negative
COG4704	log_PO4	positive
COG4538	log_PO4	positive
COG2080	sqrt_iron	positive
COG2095	sqrt_iron	positive
COG1075	log_NO2NO3	negative
COG1597	sqrt_iron	positive
COG2922	log_PO4	positive
COG3910	sqrt_iron	positive
COG1305	log_NO2NO3	negative
COG3096	log_PO4	positive
COG3098	sqrt_iron	positive
COG3794	sqrt_iron	negative
COG2032	sqrt_iron	positive
COG2352	sqrt_iron	negative
COG4674	log_NO2NO3	negative
COG3839	sqrt_iron	positive
COG2825	log_PO4	positive
COG0348	sqrt_iron	positive
COG0489	log_PO4	negative
COG5607	sqrt_iron	positive
COG1246	sqrt_iron	positive
COG3227	log_PO4	positive
COG1733	log_PO4	positive
COG2908	log_PO4	negative
COG0598	sqrt_iron	positive
COG3266	log_PO4	positive
COG0542	log_NO2NO3	negative
COG1132	sqrt_iron	negative
COG0737	sqrt_iron	positive
COG3530	log_PO4	positive
COG0786	sqrt_iron	negative
COG4653	log_NO2NO3	negative
COG2971	sqrt_iron	positive
COG0444	sqrt_iron	positive
COG0745	log_PO4	negative
COG1193	sqrt_iron	negative
COG0103	log_PO4	negative
COG4581	sqrt_iron	negative
COG0333	sqrt_iron	negative
COG1035	sqrt_iron	positive
COG2881	log_NO2NO3	positive
COG1585	sqrt_iron	positive
COG3949	sqrt_iron	positive
COG3203	log_PO4	positive
COG1443	log_NO2NO3	positive
COG4775	sqrt_iron	negative
COG4807	log_PO4	positive
COG4456	sqrt_iron	positive
COG3427	sqrt_iron	positive
COG3492	sqrt_iron	positive
COG1672	log_PO4	positive
COG0750	log_NO2NO3	positive
COG3844	sqrt_iron	positive
COG2358	sqrt_iron	positive
COG1414	sqrt_iron	positive
COG0400	log_PO4	negative
COG3170	log_PO4	positive
COG0174	log_NO2NO3	positive
COG3608	log_PO4	positive
COG1965	sqrt_iron	positive
COG2969	sqrt_iron	positive
COG1429	sqrt_iron	negative
COG3456	log_PO4	positive
COG3889	log_NO2NO3	positive
COG2991	sqrt_iron	positive
COG2905	log_PO4	positive
COG5379	log_PO4	negative
COG4271	log_PO4	positive
COG5265	sqrt_iron	positive
COG4654	sqrt_iron	positive
COG2095	log_PO4	positive
COG3071	sqrt_iron	positive
COG0770	sqrt_iron	negative
COG0169	log_PO4	negative
COG1523	log_NO2NO3	negative
COG1414	log_PO4	positive
COG1915	log_NO2NO3	positive
COG0105	log_PO4	negative
COG4519	log_PO4	positive
COG0542	sqrt_iron	negative
COG1902	sqrt_iron	positive
COG5026	log_PO4	negative
COG1403	log_PO4	negative
COG3737	sqrt_iron	positive
COG0483	sqrt_iron	negative
COG1854	log_PO4	positive
COG2105	sqrt_iron	positive
COG1760	log_PO4	positive
COG3595	log_PO4	positive
COG3607	log_NO2NO3	negative
COG1894	sqrt_iron	positive
COG1832	log_NO2NO3	positive
COG0676	log_PO4	positive
COG3290	sqrt_iron	positive
COG1250	log_NO2NO3	positive
COG1858	sqrt_iron	positive
COG1089	sqrt_iron	negative
COG4230	log_PO4	positive
COG4268	log_PO4	positive
COG0109	log_NO2NO3	positive
COG2859	sqrt_iron	negative
COG3865	sqrt_iron	positive
COG1649	sqrt_iron	positive
COG0043	sqrt_iron	positive
COG3059	log_PO4	positive
COG3367	sqrt_iron	positive
COG4565	sqrt_iron	positive
COG5006	sqrt_iron	positive
COG2716	log_PO4	positive
COG0163	sqrt_iron	positive
COG1534	log_PO4	positive
COG1283	log_PO4	positive
COG5524	sqrt_iron	positive
COG3975	sqrt_iron	positive
COG0277	sqrt_iron	positive
COG1574	sqrt_iron	positive
COG0039	log_NO2NO3	positive
COG1257	log_NO2NO3	positive
COG3078	log_PO4	positive
COG1362	sqrt_iron	positive
COG1581	log_NO2NO3	positive
COG2990	log_PO4	positive
COG5518	sqrt_iron	positive
COG0103	log_NO2NO3	positive
COG2451	sqrt_iron	positive
COG2062	log_PO4	negative
COG0377	log_PO4	negative
COG2135	log_PO4	negative
COG3536	sqrt_iron	positive
COG3614	log_PO4	positive
COG1368	log_PO4	positive
COG1748	log_NO2NO3	positive
COG3298	sqrt_iron	positive
COG3006	log_PO4	positive
COG0484	log_NO2NO3	positive
COG4999	log_PO4	positive
COG4559	log_PO4	positive
COG3043	log_PO4	positive
COG0826	sqrt_iron	positive
COG3066	log_PO4	positive
COG0606	sqrt_iron	positive
COG3665	sqrt_iron	positive
COG3900	sqrt_iron	positive
COG1975	sqrt_iron	positive
COG1372	log_NO2NO3	negative
COG4895	log_PO4	positive
COG0225	sqrt_iron	negative
COG1055	log_NO2NO3	positive
COG1808	sqrt_iron	positive
COG3005	sqrt_iron	positive
COG1280	sqrt_iron	positive
COG1902	log_PO4	positive
COG2983	sqrt_iron	positive
COG4063	sqrt_iron	positive
COG0128	sqrt_iron	negative
COG1522	sqrt_iron	positive
COG3062	log_PO4	positive
COG5255	sqrt_iron	positive
COG0491	log_NO2NO3	positive
COG2159	sqrt_iron	positive
COG0235	sqrt_iron	positive
COG2265	sqrt_iron	positive
COG3620	log_NO2NO3	positive
COG3236	log_PO4	positive
COG0726	log_NO2NO3	positive
COG0658	sqrt_iron	positive
COG3345	sqrt_iron	positive
COG3470	sqrt_iron	negative
COG2071	log_NO2NO3	positive
COG4446	sqrt_iron	negative
COG1774	sqrt_iron	positive
COG1453	sqrt_iron	negative
COG3342	sqrt_iron	positive
COG0465	sqrt_iron	negative
COG2084	sqrt_iron	positive
COG3215	sqrt_iron	positive
COG4579	log_PO4	positive
COG2938	log_PO4	positive
COG1321	log_NO2NO3	positive
COG3098	log_PO4	positive
COG2246	sqrt_iron	negative
COG4878	log_NO2NO3	negative
COG1546	log_PO4	negative
COG0526	log_NO2NO3	positive
COG2915	sqrt_iron	positive
COG1628	log_NO2NO3	positive
COG3128	log_NO2NO3	negative
COG4815	log_PO4	positive
COG2850	sqrt_iron	positive
COG4341	log_NO2NO3	positive
COG2118	log_NO2NO3	positive
COG2914	sqrt_iron	positive
COG4046	log_NO2NO3	positive
COG2336	log_PO4	positive
COG0421	log_NO2NO3	negative
COG4132	sqrt_iron	positive
COG4832	log_PO4	positive
COG2068	sqrt_iron	positive
COG2150	log_NO2NO3	positive
COG1349	log_PO4	positive
COG0383	sqrt_iron	positive
COG4701	log_PO4	positive
COG1160	sqrt_iron	negative
COG0398	sqrt_iron	negative
COG2922	sqrt_iron	positive
COG1325	log_NO2NO3	positive
COG0672	sqrt_iron	positive
COG1969	log_PO4	positive
COG1376	sqrt_iron	positive
COG1169	log_NO2NO3	negative
COG1634	log_NO2NO3	positive
COG3274	log_PO4	positive
COG0762	log_PO4	negative
COG0488	log_PO4	positive
COG5267	sqrt_iron	positive
COG1169	sqrt_iron	negative
COG2133	log_NO2NO3	positive
COG4137	log_PO4	positive
COG1416	sqrt_iron	positive
COG4700	sqrt_iron	positive
COG3625	sqrt_iron	positive
COG3546	log_NO2NO3	negative
COG3117	log_PO4	positive
COG0394	log_NO2NO3	positive
COG2102	log_NO2NO3	positive
COG1415	sqrt_iron	positive
COG3615	sqrt_iron	positive
COG3026	sqrt_iron	positive
COG5403	log_NO2NO3	negative
COG4608	sqrt_iron	positive
COG2921	sqrt_iron	positive
COG5484	log_PO4	positive
COG3193	sqrt_iron	positive
COG3573	log_PO4	positive
COG0057	log_PO4	negative
COG1630	log_NO2NO3	positive
COG4970	log_PO4	positive
COG5500	sqrt_iron	positive
COG3063	sqrt_iron	positive
COG4137	sqrt_iron	positive
COG3213	sqrt_iron	positive
COG1319	sqrt_iron	positive
COG1745	log_NO2NO3	positive
COG4533	log_PO4	positive
COG1807	sqrt_iron	negative
COG1221	sqrt_iron	positive
COG3797	log_NO2NO3	negative
COG4968	log_PO4	positive
COG4970	sqrt_iron	positive
COG0239	log_NO2NO3	positive
COG3531	sqrt_iron	positive
COG2859	log_NO2NO3	negative
COG3415	log_PO4	positive
COG2412	log_NO2NO3	positive
COG1058	log_PO4	negative
COG3128	sqrt_iron	negative
COG2921	log_PO4	positive
COG3665	log_NO2NO3	positive
COG2307	log_NO2NO3	negative
COG4102	sqrt_iron	positive
COG0434	sqrt_iron	positive
COG1061	log_PO4	positive
COG3114	log_PO4	positive
COG0392	sqrt_iron	negative
COG2947	log_PO4	negative
COG0061	sqrt_iron	negative
COG1597	log_NO2NO3	positive
COG3083	sqrt_iron	positive
COG4843	log_PO4	negative
COG1931	log_NO2NO3	positive
COG3724	log_PO4	positive
COG3048	sqrt_iron	positive
COG1899	log_NO2NO3	positive
COG0589	sqrt_iron	positive
COG2813	log_PO4	positive
COG1268	log_PO4	negative
COG3296	sqrt_iron	positive
COG2876	log_NO2NO3	positive
COG1675	log_NO2NO3	positive
COG5285	sqrt_iron	positive
COG2106	log_NO2NO3	positive
COG0693	sqrt_iron	positive
COG4044	sqrt_iron	positive
COG3538	log_NO2NO3	positive
COG4594	log_PO4	positive
COG1228	log_NO2NO3	positive
COG3397	log_PO4	positive
COG2389	sqrt_iron	positive
COG1670	sqrt_iron	positive
COG0797	sqrt_iron	positive
COG3340	sqrt_iron	negative
COG0407	sqrt_iron	negative
COG3197	sqrt_iron	positive
COG2317	log_NO2NO3	negative
COG1867	sqrt_iron	positive
COG5007	sqrt_iron	positive
COG5346	log_PO4	positive
COG1958	log_NO2NO3	positive
COG3195	sqrt_iron	positive
COG1992	log_NO2NO3	positive
COG0364	log_NO2NO3	negative
COG1739	log_PO4	positive
COG0423	log_NO2NO3	positive
COG0768	sqrt_iron	negative
COG3646	log_PO4	positive
COG0269	log_PO4	positive
COG1965	log_PO4	positive
COG3079	log_PO4	positive
COG2036	log_NO2NO3	positive
COG1534	sqrt_iron	positive
COG5556	log_NO2NO3	negative
COG0755	log_PO4	negative
COG1463	log_NO2NO3	negative
COG0229	log_PO4	negative
COG3624	sqrt_iron	positive
COG2120	log_NO2NO3	positive
COG4845	log_PO4	positive
COG0553	sqrt_iron	positive
COG3784	sqrt_iron	positive
COG4569	sqrt_iron	positive
COG3567	log_PO4	positive
COG1240	log_NO2NO3	negative
COG0113	sqrt_iron	negative
COG2151	log_NO2NO3	positive
COG5274	log_NO2NO3	positive
COG5491	log_NO2NO3	positive
COG0031	sqrt_iron	negative
COG2214	log_NO2NO3	negative
COG0819	sqrt_iron	negative
COG1361	log_NO2NO3	positive
COG2461	log_PO4	positive
COG0102	log_NO2NO3	positive
COG3684	sqrt_iron	positive
COG2391	log_PO4	positive
COG2824	log_PO4	positive
COG3145	sqrt_iron	positive
COG2414	sqrt_iron	positive
COG2825	sqrt_iron	positive
COG4293	log_NO2NO3	positive
COG0346	sqrt_iron	positive
COG4244	sqrt_iron	negative
COG4339	sqrt_iron	positive
COG1676	log_NO2NO3	positive
COG2345	sqrt_iron	positive
COG0579	log_NO2NO3	negative
COG3275	log_PO4	positive
COG3901	sqrt_iron	positive
COG1947	log_NO2NO3	negative
COG2703	log_PO4	positive
COG0024	log_PO4	negative
COG1909	log_NO2NO3	positive
COG2512	log_NO2NO3	positive
COG1757	sqrt_iron	positive
COG2090	log_NO2NO3	positive
COG0758	sqrt_iron	positive
COG3560	log_PO4	negative
COG1061	sqrt_iron	positive
COG2269	log_PO4	positive
COG3521	log_PO4	positive
COG3213	log_PO4	positive
COG1877	log_PO4	negative
COG2603	log_NO2NO3	negative
COG3395	log_NO2NO3	negative
COG0073	log_NO2NO3	positive
COG1786	sqrt_iron	positive
COG3095	log_PO4	positive
COG4666	sqrt_iron	positive
COG4405	sqrt_iron	positive
COG2269	sqrt_iron	positive
COG3166	log_PO4	positive
COG1481	log_NO2NO3	negative
COG0479	log_NO2NO3	positive
COG3217	sqrt_iron	positive
COG3707	log_PO4	positive
COG1912	log_NO2NO3	positive
COG3012	log_PO4	positive
COG3211	log_PO4	negative
COG3158	sqrt_iron	positive
COG3339	sqrt_iron	negative
COG3431	sqrt_iron	positive
COG5410	log_NO2NO3	negative
COG1669	log_NO2NO3	negative
COG2013	sqrt_iron	positive
COG1135	sqrt_iron	positive
COG1198	sqrt_iron	negative
COG3185	log_PO4	positive
COG3079	sqrt_iron	positive
COG1446	log_NO2NO3	positive
COG1478	log_NO2NO3	positive
COG2938	sqrt_iron	positive
COG3653	sqrt_iron	positive
COG0580	log_PO4	negative
COG2935	sqrt_iron	positive
COG0537	log_NO2NO3	positive
COG1189	sqrt_iron	negative
COG3844	log_PO4	positive
COG1711	log_NO2NO3	positive
COG4744	log_NO2NO3	negative
COG1578	log_PO4	negative
COG0864	log_NO2NO3	positive
COG0359	log_PO4	negative
COG3655	sqrt_iron	positive
COG1811	log_PO4	negative
COG1819	log_NO2NO3	positive
COG3854	sqrt_iron	positive
COG5436	sqrt_iron	negative
COG0029	log_NO2NO3	negative
COG0857	log_NO2NO3	negative
COG1444	log_PO4	positive
COG2838	sqrt_iron	positive
COG0448	log_NO2NO3	negative
COG0343	log_PO4	negative
COG1643	log_PO4	positive
COG1877	sqrt_iron	negative
COG1883	log_PO4	positive
COG4626	log_NO2NO3	negative
COG3429	sqrt_iron	negative
COG4776	sqrt_iron	positive
COG5508	log_PO4	positive
COG0236	sqrt_iron	negative
COG2051	log_NO2NO3	positive
COG4695	log_NO2NO3	negative
COG3013	log_PO4	positive
COG2233	sqrt_iron	positive
COG2344	log_PO4	negative
COG5302	log_PO4	positive
COG1330	sqrt_iron	negative
COG1802	log_PO4	positive
COG1191	sqrt_iron	positive
COG1756	log_NO2NO3	positive
COG4968	sqrt_iron	positive
COG1947	sqrt_iron	negative
COG3316	sqrt_iron	positive
COG2183	sqrt_iron	positive
COG1670	log_PO4	positive
COG2982	sqrt_iron	positive
COG0027	log_NO2NO3	negative
COG3147	sqrt_iron	positive
COG0122	log_NO2NO3	positive
COG0798	sqrt_iron	positive
COG3938	sqrt_iron	positive
COG4206	log_NO2NO3	positive
COG3605	sqrt_iron	positive
COG0595	sqrt_iron	negative
COG3190	log_PO4	positive
COG1313	log_NO2NO3	positive
COG5011	sqrt_iron	positive
COG0320	sqrt_iron	negative
COG1139	sqrt_iron	positive
COG2023	log_NO2NO3	positive
COG4200	log_NO2NO3	negative
COG4967	log_PO4	positive
COG0418	log_NO2NO3	negative
COG2186	sqrt_iron	positive
COG1653	sqrt_iron	positive
COG2968	sqrt_iron	positive
COG2429	log_NO2NO3	positive
COG0523	sqrt_iron	negative
COG1165	log_NO2NO3	negative
COG1648	sqrt_iron	positive
COG0006	log_NO2NO3	positive
COG1897	log_NO2NO3	negative
COG0021	sqrt_iron	negative
COG0491	sqrt_iron	positive
COG3048	log_PO4	positive
COG3170	sqrt_iron	positive
COG0804	log_NO2NO3	negative
COG2893	log_NO2NO3	positive
COG4336	sqrt_iron	positive
COG4261	sqrt_iron	positive
COG1053	log_NO2NO3	positive
COG1420	sqrt_iron	positive
COG2329	log_PO4	positive
COG1330	log_NO2NO3	negative
COG1623	log_PO4	negative
COG2910	sqrt_iron	positive
COG4222	sqrt_iron	positive
COG1607	sqrt_iron	positive
COG3590	sqrt_iron	positive
COG2826	log_PO4	positive
COG0362	sqrt_iron	negative
COG3040	log_PO4	positive
COG3707	sqrt_iron	positive
COG3783	sqrt_iron	positive
COG3100	log_PO4	positive
COG3364	log_NO2NO3	positive
COG0583	log_PO4	positive
COG0723	log_PO4	negative
COG2340	log_PO4	negative
COG2761	log_PO4	positive
COG1990	log_NO2NO3	positive
COG3607	log_PO4	positive
COG1429	log_NO2NO3	negative
COG2840	sqrt_iron	positive
COG3425	log_NO2NO3	positive
COG1841	log_NO2NO3	positive
COG3913	log_PO4	positive
COG4586	sqrt_iron	negative
COG1765	sqrt_iron	positive
COG2453	log_NO2NO3	positive
COG3194	sqrt_iron	positive
COG4178	sqrt_iron	negative
COG0025	log_NO2NO3	negative
COG1635	log_NO2NO3	positive
COG2999	log_PO4	positive
COG3126	log_PO4	positive
COG0429	log_NO2NO3	negative
COG4553	log_NO2NO3	negative
COG1247	sqrt_iron	positive
COG5323	log_NO2NO3	negative
COG2172	sqrt_iron	negative
COG0793	sqrt_iron	negative
COG1786	log_NO2NO3	positive
COG0624	sqrt_iron	positive
COG2170	sqrt_iron	negative
COG2888	log_NO2NO3	positive
COG2373	log_PO4	positive
COG5485	log_NO2NO3	positive
COG3781	sqrt_iron	positive
COG1044	sqrt_iron	negative
COG3138	log_PO4	positive
COG3978	sqrt_iron	positive
COG3963	sqrt_iron	positive
COG0766	sqrt_iron	negative
COG4923	sqrt_iron	positive
COG0442	sqrt_iron	negative
COG4044	log_PO4	positive
COG1791	sqrt_iron	positive
COG2878	log_PO4	positive
COG2346	sqrt_iron	positive
COG2981	log_PO4	positive
COG0166	sqrt_iron	negative
COG4953	log_PO4	positive
COG4269	sqrt_iron	positive
COG1058	sqrt_iron	negative
COG1759	log_NO2NO3	positive
COG3650	sqrt_iron	positive
COG1596	sqrt_iron	negative
COG3182	log_PO4	positive
COG3242	sqrt_iron	positive
COG0665	log_NO2NO3	positive
COG3311	log_PO4	positive
COG3782	sqrt_iron	positive
COG2124	sqrt_iron	positive
COG1490	log_NO2NO3	positive
COG2406	log_NO2NO3	positive
COG1231	sqrt_iron	positive
COG5437	log_NO2NO3	negative
COG2146	log_NO2NO3	positive
COG1354	sqrt_iron	negative
COG1393	sqrt_iron	positive
COG3071	log_PO4	positive
COG0296	log_NO2NO3	negative
COG0448	sqrt_iron	negative
COG2096	log_NO2NO3	positive
COG1758	log_PO4	negative
COG1075	sqrt_iron	negative
COG3039	log_PO4	positive
COG1961	log_NO2NO3	negative
COG1937	sqrt_iron	positive
COG0677	log_NO2NO3	positive
COG2212	log_PO4	positive
COG2956	sqrt_iron	positive
COG0561	sqrt_iron	positive
COG1435	log_NO2NO3	positive
COG1823	sqrt_iron	positive
COG3094	log_PO4	positive
COG2251	sqrt_iron	negative
COG3817	log_NO2NO3	negative
COG2747	log_PO4	positive
COG5281	log_NO2NO3	negative
COG1246	log_PO4	positive
COG3255	log_PO4	negative
COG2355	log_NO2NO3	positive
COG0045	log_NO2NO3	positive
COG3154	log_PO4	positive
COG5515	sqrt_iron	positive
COG0033	sqrt_iron	negative
COG4569	log_PO4	positive
COG4605	log_NO2NO3	negative
COG1145	sqrt_iron	positive
COG5508	sqrt_iron	positive
COG1137	sqrt_iron	negative
COG2173	log_NO2NO3	negative
COG1398	log_NO2NO3	negative
COG1999	log_NO2NO3	positive
COG3180	sqrt_iron	positive
COG4804	log_PO4	positive
COG0181	sqrt_iron	negative
COG0620	log_PO4	positive
COG0144	log_NO2NO3	negative
COG0426	log_NO2NO3	negative
COG5362	log_NO2NO3	negative
COG0574	log_NO2NO3	positive
COG4607	log_NO2NO3	negative
COG2211	sqrt_iron	negative
COG0681	sqrt_iron	negative
COG1945	log_NO2NO3	positive
COG4986	sqrt_iron	negative
COG3663	sqrt_iron	positive
COG4582	sqrt_iron	positive
COG0616	sqrt_iron	negative
COG0585	sqrt_iron	positive
COG2266	log_NO2NO3	positive
COG0310	log_PO4	negative
COG1281	log_NO2NO3	negative
COG1787	sqrt_iron	negative
COG3870	sqrt_iron	positive
COG1469	sqrt_iron	positive
COG1725	sqrt_iron	negative
COG2099	sqrt_iron	negative
COG1942	sqrt_iron	negative
COG0582	log_NO2NO3	negative
COG2038	sqrt_iron	negative
COG4198	log_NO2NO3	positive
COG5569	sqrt_iron	positive
COG4095	sqrt_iron	negative
COG2023	sqrt_iron	positive
COG2875	sqrt_iron	negative
COG4300	log_NO2NO3	negative
COG1047	sqrt_iron	positive
COG1310	sqrt_iron	positive
COG3147	log_PO4	positive
COG4311	log_NO2NO3	positive
COG1064	log_PO4	positive
COG0659	log_NO2NO3	negative
COG3322	log_PO4	positive
COG1721	sqrt_iron	positive
COG0568	sqrt_iron	negative
COG4778	sqrt_iron	positive
COG0653	sqrt_iron	negative
COG3248	sqrt_iron	positive
COG5456	log_PO4	positive
COG2915	log_PO4	positive
COG4246	log_PO4	negative
COG2251	log_NO2NO3	negative
COG2132	sqrt_iron	positive
COG2086	log_NO2NO3	positive
COG0416	sqrt_iron	negative
COG0829	log_NO2NO3	negative
COG3080	log_PO4	positive
COG3954	log_NO2NO3	negative
COG0790	sqrt_iron	positive
COG4191	log_PO4	positive
COG0524	log_PO4	negative
COG3129	log_PO4	positive
COG4766	log_NO2NO3	positive
COG2371	log_NO2NO3	negative
COG3769	log_PO4	negative
COG0575	sqrt_iron	negative
COG3112	sqrt_iron	positive
COG4449	log_PO4	positive
COG0036	log_PO4	negative
COG4865	log_PO4	positive
COG4782	sqrt_iron	positive
COG3248	log_PO4	positive
COG3961	sqrt_iron	positive
COG4372	sqrt_iron	negative
COG1855	log_NO2NO3	positive
COG1239	sqrt_iron	negative
COG4565	log_PO4	positive
COG1624	sqrt_iron	negative
COG0188	sqrt_iron	negative
COG1206	log_NO2NO3	negative
COG1942	log_PO4	negative
COG3026	log_PO4	positive
COG4551	log_PO4	positive
COG1017	log_PO4	positive
COG2909	log_PO4	positive
COG0370	sqrt_iron	positive
COG1018	log_PO4	positive
COG0767	sqrt_iron	negative
COG4307	log_NO2NO3	negative
COG0378	log_NO2NO3	negative
COG2087	sqrt_iron	negative
COG0740	sqrt_iron	negative
COG4340	log_PO4	positive
COG1679	sqrt_iron	positive
COG0350	log_NO2NO3	positive
COG3425	sqrt_iron	positive
COG0471	sqrt_iron	negative
COG0036	log_NO2NO3	positive
COG3230	log_PO4	positive
COG0531	sqrt_iron	positive
COG4583	log_NO2NO3	positive
COG0447	log_NO2NO3	negative
COG1819	sqrt_iron	positive
COG1309	log_PO4	positive
COG0740	log_NO2NO3	negative
COG1101	sqrt_iron	positive
COG2206	log_PO4	positive
COG3769	log_NO2NO3	negative
COG3976	log_NO2NO3	negative
COG0506	log_NO2NO3	positive
COG2364	log_NO2NO3	positive
COG2020	sqrt_iron	negative
COG3010	sqrt_iron	positive
COG1206	sqrt_iron	negative
COG1522	log_NO2NO3	positive
COG1122	log_NO2NO3	negative
COG4995	log_NO2NO3	negative
COG0700	log_PO4	positive
COG1948	log_NO2NO3	positive
COG2761	sqrt_iron	positive
COG1625	sqrt_iron	negative
COG5446	sqrt_iron	positive
COG0297	log_NO2NO3	negative
COG0387	sqrt_iron	positive
COG3687	sqrt_iron	positive
COG1820	sqrt_iron	positive
COG2239	sqrt_iron	negative
COG2716	sqrt_iron	positive
COG1175	sqrt_iron	positive
COG3467	sqrt_iron	positive
COG1817	log_NO2NO3	positive
COG2838	log_PO4	positive
COG4209	sqrt_iron	negative
COG2052	log_PO4	negative
COG1235	log_NO2NO3	positive
COG2099	log_NO2NO3	negative
COG4649	sqrt_iron	positive
COG4132	log_NO2NO3	negative
COG1944	sqrt_iron	positive
COG2113	log_NO2NO3	positive
COG2956	log_PO4	positive
COG0264	sqrt_iron	negative
COG0832	log_NO2NO3	negative
COG2321	log_NO2NO3	negative
COG5610	log_NO2NO3	negative
COG1141	sqrt_iron	negative
COG3345	log_PO4	positive
COG4638	sqrt_iron	positive
COG2930	log_NO2NO3	positive
COG2827	log_PO4	positive
COG4907	sqrt_iron	negative
COG3677	log_PO4	positive
COG0008	log_NO2NO3	positive
COG4742	log_NO2NO3	positive
COG2327	sqrt_iron	positive
COG3378	log_NO2NO3	negative
COG5226	log_NO2NO3	positive
COG4413	sqrt_iron	positive
COG3748	sqrt_iron	positive
COG4540	log_PO4	positive
COG4922	log_NO2NO3	negative
COG1586	log_PO4	negative
COG1982	sqrt_iron	negative
COG2815	log_PO4	negative
COG0017	log_NO2NO3	positive
COG5013	sqrt_iron	positive
COG0422	log_NO2NO3	negative
COG3886	log_NO2NO3	negative
COG5425	log_NO2NO3	negative
COG4115	sqrt_iron	positive
COG3851	sqrt_iron	positive
COG5108	log_NO2NO3	negative
COG1290	log_PO4	negative
COG3584	log_PO4	negative
COG4096	log_PO4	positive
COG0272	sqrt_iron	negative
COG4967	sqrt_iron	positive
COG1226	log_NO2NO3	negative
COG0494	sqrt_iron	positive
COG1122	sqrt_iron	negative
COG3907	sqrt_iron	positive
COG4993	sqrt_iron	positive
COG5004	log_PO4	positive
COG1275	sqrt_iron	positive
COG1183	log_NO2NO3	positive
COG1516	sqrt_iron	positive
COG3267	log_PO4	positive
COG2107	log_NO2NO3	positive
COG0058	log_NO2NO3	negative
COG4956	log_NO2NO3	negative
COG4634	log_PO4	positive
COG0504	sqrt_iron	negative
COG0362	log_NO2NO3	negative
COG0560	sqrt_iron	positive
COG3712	log_PO4	positive
COG0592	log_PO4	negative
COG3937	sqrt_iron	positive
COG1275	log_PO4	positive
COG0331	log_PO4	negative
COG0618	log_NO2NO3	positive
COG2179	sqrt_iron	negative
COG3220	sqrt_iron	positive
COG3627	sqrt_iron	positive
COG1640	sqrt_iron	negative
COG1819	log_PO4	negative
COG4132	log_PO4	positive
COG0749	sqrt_iron	negative
COG2186	log_PO4	positive
COG2210	log_PO4	positive
COG3057	sqrt_iron	positive
COG4104	log_NO2NO3	negative
COG3290	log_PO4	positive
COG5478	log_NO2NO3	negative
COG2062	sqrt_iron	positive
COG0494	log_NO2NO3	positive
COG2835	log_NO2NO3	positive
COG4455	log_PO4	positive
COG5635	log_NO2NO3	negative
COG1825	log_NO2NO3	positive
COG3087	log_PO4	positive
COG4447	log_NO2NO3	negative
COG0331	sqrt_iron	negative
COG2137	log_PO4	positive
COG1544	log_NO2NO3	negative
COG3272	sqrt_iron	positive
COG2062	log_NO2NO3	positive
COG2217	log_NO2NO3	negative
COG1180	sqrt_iron	positive
COG4830	log_NO2NO3	positive
COG3808	log_NO2NO3	positive
COG4108	log_NO2NO3	negative
COG1816	sqrt_iron	positive
COG3176	log_PO4	negative
COG5530	sqrt_iron	positive
COG0002	sqrt_iron	negative
COG0339	sqrt_iron	negative
COG1640	log_NO2NO3	negative
COG1290	sqrt_iron	negative
COG3264	sqrt_iron	positive
COG1239	log_NO2NO3	negative
COG4581	log_NO2NO3	negative
COG2988	log_NO2NO3	negative
COG2199	log_PO4	positive
COG1166	log_NO2NO3	negative
COG0526	log_PO4	negative
COG2807	sqrt_iron	positive
COG0446	log_NO2NO3	positive
COG0716	sqrt_iron	negative
COG1161	sqrt_iron	negative
COG3187	log_PO4	positive
COG4933	log_PO4	positive
COG1317	log_PO4	positive
COG1556	sqrt_iron	positive
COG4100	sqrt_iron	negative
COG4353	log_NO2NO3	positive
COG1893	sqrt_iron	positive
COG5619	log_PO4	positive
COG0704	sqrt_iron	positive
COG1694	sqrt_iron	negative
COG3709	sqrt_iron	positive
COG3948	log_PO4	positive
COG1502	sqrt_iron	positive
COG4487	sqrt_iron	negative
COG2969	log_PO4	positive
COG0785	log_PO4	negative
COG2965	log_PO4	positive
COG1306	log_PO4	negative
COG2308	log_NO2NO3	negative
COG1980	log_NO2NO3	positive
COG0254	log_PO4	negative
COG3028	log_PO4	positive
COG2513	log_NO2NO3	positive
COG0430	sqrt_iron	positive
COG2960	log_PO4	positive
COG3749	log_PO4	positive
COG0699	log_PO4	positive
COG4266	log_NO2NO3	positive
COG4318	sqrt_iron	positive
COG3586	log_PO4	positive
COG2368	sqrt_iron	positive
COG4946	log_PO4	positive
COG3279	log_PO4	positive
COG3868	log_PO4	positive
COG0121	log_PO4	positive
COG3349	log_NO2NO3	negative
COG1982	log_NO2NO3	negative
COG1119	log_NO2NO3	negative
COG2243	sqrt_iron	negative
COG4302	log_PO4	positive
COG1884	sqrt_iron	positive
COG2172	log_NO2NO3	negative
COG3739	log_PO4	positive
COG5631	sqrt_iron	positive
COG4487	log_NO2NO3	negative
COG0213	log_PO4	positive
COG4874	log_NO2NO3	positive
COG1528	sqrt_iron	negative
COG0713	log_PO4	negative
COG2502	log_PO4	positive
COG3535	log_NO2NO3	positive
COG0398	log_NO2NO3	negative
COG0173	sqrt_iron	negative
COG0074	log_NO2NO3	positive
COG1934	log_PO4	positive
COG2043	sqrt_iron	positive
COG2833	log_PO4	positive
COG4485	log_NO2NO3	positive
COG0447	sqrt_iron	negative
COG1746	log_NO2NO3	positive
COG2704	log_PO4	positive
COG2317	sqrt_iron	negative
COG3941	log_NO2NO3	negative
COG2942	sqrt_iron	positive
COG3063	log_PO4	positive
COG5398	log_NO2NO3	negative
COG3840	sqrt_iron	positive
COG4585	log_PO4	positive
COG0197	log_NO2NO3	positive
COG0426	sqrt_iron	negative
COG0490	log_NO2NO3	negative
COG3752	log_NO2NO3	positive
COG3803	log_PO4	positive
COG4206	sqrt_iron	positive
COG5598	sqrt_iron	positive
COG4744	log_PO4	positive
COG4856	log_NO2NO3	positive
COG1166	sqrt_iron	negative
COG1847	log_PO4	negative
COG3440	log_PO4	positive
COG4539	log_PO4	positive
COG4681	log_PO4	positive
COG1932	log_NO2NO3	positive
COG3399	log_PO4	positive
COG3137	log_PO4	positive
COG2927	log_PO4	positive
COG4242	log_PO4	positive
COG1883	sqrt_iron	positive
COG3068	log_PO4	positive
COG3641	log_PO4	negative
COG1939	sqrt_iron	negative
COG0762	sqrt_iron	negative
COG1104	log_NO2NO3	negative
COG0689	sqrt_iron	positive
COG4401	sqrt_iron	negative
COG0282	sqrt_iron	positive
COG0818	sqrt_iron	negative
COG2178	log_NO2NO3	positive
COG2982	log_PO4	positive
COG0702	sqrt_iron	negative
COG0044	log_NO2NO3	positive
COG0818	log_NO2NO3	negative
COG1079	log_NO2NO3	positive
COG1679	log_NO2NO3	positive
COG4451	log_NO2NO3	negative
COG1233	sqrt_iron	negative
COG2902	log_PO4	positive
COG2980	log_PO4	positive
COG4659	log_PO4	positive
COG1814	sqrt_iron	positive
COG3626	sqrt_iron	positive
COG4243	log_NO2NO3	negative
COG0439	log_PO4	negative
COG0110	log_NO2NO3	positive
COG0452	log_PO4	negative
COG1625	log_NO2NO3	negative
COG0099	log_NO2NO3	positive
COG0404	log_NO2NO3	positive
COG0755	sqrt_iron	negative
COG4200	log_PO4	positive
COG2202	log_PO4	positive
COG1154	sqrt_iron	negative
COG2983	log_PO4	positive
COG4176	log_NO2NO3	positive
COG2045	log_NO2NO3	negative
COG3645	log_PO4	positive
COG0284	log_PO4	negative
COG3039	sqrt_iron	positive
COG5398	sqrt_iron	negative
COG0750	log_PO4	negative
COG2710	log_NO2NO3	negative
COG4449	log_NO2NO3	negative
COG1824	log_NO2NO3	positive
COG3489	log_PO4	positive
COG0837	log_NO2NO3	negative
COG1672	log_NO2NO3	negative
COG2385	log_NO2NO3	negative
COG3683	log_PO4	positive
COG5339	log_PO4	positive
COG0686	log_NO2NO3	positive
COG3525	log_NO2NO3	positive
COG1801	log_PO4	positive
COG3329	sqrt_iron	negative
COG4148	log_PO4	positive
COG0145	sqrt_iron	positive
COG4275	log_NO2NO3	negative
COG3603	log_PO4	positive
COG3571	sqrt_iron	positive
COG3420	sqrt_iron	positive
COG2374	log_PO4	positive
COG3553	log_PO4	positive
COG4261	log_PO4	positive
COG1315	sqrt_iron	positive
COG0549	sqrt_iron	positive
COG1142	log_NO2NO3	negative
COG3894	sqrt_iron	positive
COG5015	sqrt_iron	positive
COG0463	sqrt_iron	negative
COG5545	log_NO2NO3	negative
COG4455	sqrt_iron	positive
COG3126	sqrt_iron	positive
COG3941	log_PO4	positive
COG2253	log_NO2NO3	positive
COG0182	log_NO2NO3	positive
COG0752	log_PO4	negative
COG1315	log_PO4	positive
COG2265	log_PO4	positive
COG3747	log_NO2NO3	negative
COG4241	log_NO2NO3	negative
COG1378	log_NO2NO3	positive
COG4219	log_PO4	positive
COG0114	sqrt_iron	negative
COG2710	sqrt_iron	negative
COG0095	log_NO2NO3	negative
COG1348	sqrt_iron	negative
COG3821	log_PO4	positive
COG0679	sqrt_iron	negative
COG1650	log_NO2NO3	positive
COG2025	log_NO2NO3	positive
COG3865	log_PO4	positive
COG0717	log_PO4	negative
COG0484	log_PO4	negative
COG3350	sqrt_iron	positive
COG3398	log_NO2NO3	positive
COG1492	sqrt_iron	negative
COG1232	log_NO2NO3	positive
COG0328	log_PO4	negative
COG4391	log_NO2NO3	positive
COG1200	sqrt_iron	negative
COG3199	sqrt_iron	positive
COG3484	log_PO4	negative
COG3740	log_NO2NO3	negative
COG0413	log_PO4	negative
COG3028	sqrt_iron	positive
COG3536	log_PO4	positive
COG3040	sqrt_iron	positive
COG0592	log_NO2NO3	positive
COG1577	log_NO2NO3	positive
COG0417	sqrt_iron	positive
COG4279	sqrt_iron	positive
COG0478	log_NO2NO3	positive
COG3634	log_PO4	positive
COG4682	log_NO2NO3	negative
COG2012	log_NO2NO3	positive
COG2836	log_PO4	positive
COG2770	log_PO4	positive
COG2515	log_PO4	positive
COG2047	log_NO2NO3	positive
COG0010	log_NO2NO3	positive
COG0007	log_NO2NO3	negative
COG4630	log_NO2NO3	positive
COG4308	log_NO2NO3	positive
COG3938	log_NO2NO3	positive
COG5428	sqrt_iron	positive
COG2385	sqrt_iron	negative
COG2852	log_PO4	positive
COG3429	log_NO2NO3	negative
COG0638	log_NO2NO3	positive
COG3666	log_PO4	positive
COG2390	log_PO4	positive
COG0221	log_NO2NO3	negative
COG5607	log_NO2NO3	negative
COG3967	log_PO4	positive
COG4336	log_PO4	positive
COG0300	sqrt_iron	positive
COG0432	log_PO4	negative
COG1100	sqrt_iron	negative
COG1159	sqrt_iron	negative
COG3365	log_NO2NO3	positive
COG5008	sqrt_iron	positive
COG0184	log_NO2NO3	positive
COG3508	sqrt_iron	positive
COG0498	log_NO2NO3	positive
COG1405	log_NO2NO3	positive
COG0146	sqrt_iron	positive
COG3769	sqrt_iron	negative
COG0831	log_NO2NO3	negative
COG1386	log_PO4	negative
COG4276	log_NO2NO3	positive
COG1202	sqrt_iron	positive
COG3642	log_NO2NO3	positive
COG1589	log_NO2NO3	negative
COG3008	log_PO4	positive
COG0477	sqrt_iron	positive
COG0795	sqrt_iron	negative
COG2109	log_NO2NO3	negative
COG1876	log_NO2NO3	negative
COG1543	log_NO2NO3	negative
COG1543	sqrt_iron	negative
COG3396	sqrt_iron	positive
COG5324	sqrt_iron	negative
COG5586	log_NO2NO3	positive
COG2316	log_NO2NO3	positive
COG0291	log_PO4	negative
COG1569	sqrt_iron	positive
COG0240	log_NO2NO3	positive
COG4178	log_NO2NO3	negative
COG4262	log_PO4	positive
COG4932	log_PO4	negative
COG0164	log_NO2NO3	positive
COG2384	sqrt_iron	positive
COG1087	sqrt_iron	negative
COG4175	log_NO2NO3	positive
COG3527	sqrt_iron	positive
COG4266	sqrt_iron	positive
COG4302	sqrt_iron	positive
COG3253	log_NO2NO3	positive
COG4802	sqrt_iron	positive
COG1227	sqrt_iron	positive
COG1725	log_NO2NO3	negative
COG1317	sqrt_iron	positive
COG4347	log_NO2NO3	positive
COG1624	log_NO2NO3	negative
COG3083	log_PO4	positive
COG2894	log_NO2NO3	negative
COG3454	sqrt_iron	positive
COG1181	sqrt_iron	negative
COG1167	log_PO4	positive
COG2154	log_PO4	negative
COG1943	log_PO4	positive
COG1610	log_NO2NO3	positive
COG3186	log_NO2NO3	positive
COG0681	log_PO4	negative
COG1454	log_NO2NO3	positive
COG2262	log_NO2NO3	positive
COG1107	sqrt_iron	positive
COG1108	sqrt_iron	negative
COG3737	log_NO2NO3	positive
COG4850	log_NO2NO3	negative
COG1687	sqrt_iron	positive
COG0381	log_NO2NO3	positive
COG1569	log_PO4	positive
COG0140	log_NO2NO3	negative
COG1331	log_NO2NO3	positive
COG3617	sqrt_iron	positive
COG3168	sqrt_iron	positive
COG5331	log_PO4	positive
COG1189	log_NO2NO3	negative
COG1524	sqrt_iron	positive
COG4976	sqrt_iron	positive
COG2425	log_PO4	positive
COG2967	log_PO4	positive
COG2200	log_PO4	positive
COG0051	log_NO2NO3	positive
COG0123	log_NO2NO3	positive
COG1195	log_NO2NO3	negative
COG1467	log_NO2NO3	positive
COG2351	log_NO2NO3	positive
COG4138	log_NO2NO3	negative
COG1683	sqrt_iron	positive
COG0314	log_PO4	positive
COG1161	log_NO2NO3	negative
COG4107	sqrt_iron	positive
COG4354	sqrt_iron	positive
COG4987	log_PO4	positive
COG0395	sqrt_iron	positive
COG3222	sqrt_iron	negative
COG1757	log_PO4	positive
COG2001	log_NO2NO3	positive
COG1074	log_NO2NO3	negative
COG4801	log_NO2NO3	positive
COG0190	log_PO4	negative
COG3142	log_NO2NO3	positive
COG0857	sqrt_iron	negative
COG0217	log_NO2NO3	positive
COG2203	log_NO2NO3	negative
COG1820	log_PO4	positive
COG0819	log_NO2NO3	negative
COG3566	sqrt_iron	negative
COG5322	log_NO2NO3	negative
COG0295	sqrt_iron	positive
COG1115	sqrt_iron	positive
COG1853	log_NO2NO3	negative
COG3726	sqrt_iron	positive
COG1923	sqrt_iron	positive
COG1685	log_NO2NO3	positive
COG4733	log_NO2NO3	negative
COG1981	sqrt_iron	positive
COG5322	sqrt_iron	negative
COG1140	log_PO4	positive
COG4956	sqrt_iron	negative
COG0458	sqrt_iron	negative
COG0492	log_PO4	negative
COG1045	sqrt_iron	negative
COG1695	log_PO4	positive
COG1168	sqrt_iron	positive
COG0778	log_NO2NO3	positive
COG3166	sqrt_iron	positive
COG0400	sqrt_iron	negative
COG3535	sqrt_iron	positive
COG1042	sqrt_iron	positive
COG3117	sqrt_iron	positive
COG4370	sqrt_iron	negative
COG1963	sqrt_iron	negative
COG2368	log_NO2NO3	positive
COG0173	log_PO4	negative
COG1043	sqrt_iron	negative
COG1465	log_NO2NO3	positive
COG2501	log_NO2NO3	negative
COG2771	log_NO2NO3	negative
COG4721	log_NO2NO3	negative
COG3288	log_PO4	negative
COG0301	sqrt_iron	positive
COG4229	sqrt_iron	positive
COG4454	sqrt_iron	negative
COG0281	log_NO2NO3	positive
COG2127	sqrt_iron	negative
COG1966	sqrt_iron	positive
COG0705	log_NO2NO3	positive
COG5404	log_PO4	positive
COG1372	sqrt_iron	negative
COG1457	sqrt_iron	positive
COG4586	log_NO2NO3	negative
COG3651	log_PO4	negative
COG4270	log_NO2NO3	positive
COG5637	sqrt_iron	negative
COG1354	log_PO4	negative
COG1964	log_NO2NO3	positive
COG0033	log_NO2NO3	negative
COG3662	log_PO4	negative
COG1311	log_NO2NO3	positive
COG2508	log_NO2NO3	negative
COG0690	log_NO2NO3	negative
COG3326	sqrt_iron	positive
COG2826	sqrt_iron	positive
COG2055	log_NO2NO3	positive
COG1333	log_NO2NO3	negative
COG2045	sqrt_iron	negative
COG5474	sqrt_iron	positive
COG3123	sqrt_iron	negative
COG3452	log_PO4	positive
COG4389	log_PO4	negative
COG0375	log_NO2NO3	negative
COG0615	log_NO2NO3	positive
COG1797	sqrt_iron	negative
COG1129	sqrt_iron	positive
COG0388	sqrt_iron	negative
COG1186	sqrt_iron	negative
COG5014	sqrt_iron	positive
COG0539	sqrt_iron	negative
COG0830	log_NO2NO3	negative
COG0533	log_NO2NO3	positive
COG4587	sqrt_iron	negative
COG1077	sqrt_iron	negative
COG3661	log_NO2NO3	negative
COG0006	sqrt_iron	positive
COG4529	sqrt_iron	positive
COG2019	log_NO2NO3	positive
COG3376	sqrt_iron	positive
COG3167	log_PO4	positive
COG2122	sqrt_iron	positive
COG0245	sqrt_iron	negative
COG3487	log_PO4	positive
COG0774	sqrt_iron	negative
COG4373	log_PO4	positive
COG1646	log_NO2NO3	positive
COG0233	log_PO4	negative
COG1787	log_PO4	negative
COG1280	log_NO2NO3	positive
COG4656	sqrt_iron	positive
COG1793	log_NO2NO3	negative
COG4809	log_NO2NO3	positive
COG4754	sqrt_iron	negative
COG3001	log_NO2NO3	negative
COG0107	log_PO4	negative
COG2109	sqrt_iron	negative
COG5549	sqrt_iron	positive
COG0315	log_PO4	positive
COG2207	log_PO4	positive
COG4902	log_PO4	positive
COG0641	sqrt_iron	positive
COG3531	log_PO4	positive
COG5412	log_NO2NO3	negative
COG0722	log_NO2NO3	negative
COG0210	log_NO2NO3	negative
COG0786	log_NO2NO3	negative
COG1274	sqrt_iron	positive
COG0288	sqrt_iron	positive
COG4402	log_NO2NO3	positive
COG1282	sqrt_iron	negative
COG0326	log_NO2NO3	negative
COG0017	sqrt_iron	positive
COG2309	log_NO2NO3	positive
COG0629	sqrt_iron	negative
COG3554	log_NO2NO3	negative
COG3694	sqrt_iron	negative
COG0719	log_PO4	negative
COG1922	sqrt_iron	positive
COG0070	log_NO2NO3	positive
COG4104	log_PO4	positive
COG4928	log_PO4	positive
COG1580	log_PO4	positive
COG5135	sqrt_iron	negative
COG1252	sqrt_iron	negative
COG0590	log_NO2NO3	positive
COG2968	log_PO4	positive
COG1072	sqrt_iron	positive
COG0643	log_PO4	positive
COG4641	sqrt_iron	negative
COG0221	sqrt_iron	negative
COG5470	log_PO4	negative
COG1018	sqrt_iron	positive
COG1552	log_NO2NO3	positive
COG2259	sqrt_iron	negative
COG4303	sqrt_iron	positive
COG3395	sqrt_iron	negative
COG1409	sqrt_iron	positive
COG3805	sqrt_iron	positive
COG3409	log_PO4	negative
COG2311	log_NO2NO3	positive
COG1060	log_NO2NO3	positive
COG1441	sqrt_iron	positive
COG3644	log_NO2NO3	negative
COG3768	log_PO4	positive
COG2053	log_NO2NO3	positive
COG1189	log_PO4	negative
COG0367	log_NO2NO3	positive
COG0030	sqrt_iron	negative
COG3426	sqrt_iron	negative
COG3060	log_PO4	positive
COG1049	sqrt_iron	negative
COG4643	log_NO2NO3	negative
COG3560	sqrt_iron	negative
COG1012	log_NO2NO3	positive
COG2326	sqrt_iron	positive
COG2302	log_NO2NO3	negative
COG3232	sqrt_iron	positive
COG1828	log_PO4	negative
COG1703	sqrt_iron	positive
COG4657	log_PO4	positive
COG1801	sqrt_iron	positive
COG2135	sqrt_iron	negative
COG3646	log_NO2NO3	negative
COG0339	log_NO2NO3	negative
COG4977	log_PO4	positive
COG4630	sqrt_iron	positive
COG3273	log_NO2NO3	positive
COG3480	log_PO4	negative
COG5371	log_NO2NO3	negative
COG0756	log_NO2NO3	positive
